X1,X2,X3,X4,X5,X6,X7
304.5637232,0,-0.021895311,-5.900184811,-3.836642332,-2.057372289,4.515785307
136.6759134,1,-3.20364278,0.00221028,4.282779535,1.614347738,-1.635564363
28.52290279,0,0.455851765,4.521411105,0.146836833,-4.2818466,-0.895369986
25.89644629,1,-0.186003118,2.215772385,-0.20556117,0.116513754,-0.246689745
55.60323739,1,1.53481075,2.190331431,-2.154993433,8.642921511,-1.765717734
62.45312417,1,0.894632926,4.076226155,-2.203166009,2.797896507,-3.479491678
55.40869979,1,3.234726764,-0.303877502,-1.085943396,4.867003699,-4.142188274
23.72500752,1,-5.839078504,2.155347193,-0.420978491,0.617261052,3.871178805
279.3020657,0,-3.5649141,0.059787646,-8.56952679,-0.502188248,2.549582811
196.8857827,0,2.766683588,-0.388680285,-6.025920249,-0.598778977,-0.498684658
29.60464862,1,-1.382413027,3.01215732,-2.068121802,0.958607207,1.029986613
11.17652155,1,-0.984976924,-2.383906732,-0.646652808,5.003315894,0.409648015
84.23781878,0,1.307618545,3.565347948,-1.369555948,-5.802675753,1.174059881
62.13901706,1,-4.583273823,-2.663858204,5.007864231,-1.607638522,2.097639551
12.69567238,1,-6.250568207,4.239029891,-2.414565104,4.201877356,2.885271075
78.33431338,0,1.685690805,6.889977361,-3.641882794,3.508830131,-5.212828232
124.3122751,0,-1.909094877,0.299917934,-4.084747916,0.986194771,1.637367305
16.9316052,0,0.894383663,-3.316199665,-3.186549795,2.783642522,-4.650748672
158.1126167,0,3.395525081,6.595710549,-7.127954639,-1.010970318,0.245551948
1.900841898,0,-1.86281999,-4.422807627,-1.282388198,2.247915147,-2.784206843
69.20483478,0,0.166889301,-1.208584955,-0.864326475,2.846416763,-5.691210743
276.9175231,1,0.300849501,2.100284598,-3.890460781,0.833533014,9.030341346
89.51491311,1,0.960770431,-0.922689039,0.168107948,-1.614373078,2.541962975
43.22150067,1,-5.814629255,3.635532271,-2.961230571,8.017607418,1.23375464
59.30675413,0,-6.703931767,-4.677064103,-1.621280125,0.077464607,0.035258553
236.3186854,0,-1.700351566,-7.012965651,-3.864525166,-2.448072279,0.952553853
28.14003446,1,-6.178351958,4.305860432,-1.124696451,0.78987265,4.778459182
147.2373054,1,-2.780031726,3.123260675,6.034176152,1.889309806,1.930217142
93.02241989,0,-3.859509431,-2.347366345,-5.524664511,4.627794706,-1.216277703
126.9748222,1,1.730675744,-3.130046533,-1.515831921,3.32601245,2.546369999
142.7223037,0,4.884049182,-6.499633797,-1.54519276,-6.660260571,-4.07802097
99.1735724,1,-5.917975697,3.011544813,-0.586898708,2.704348174,-2.17187555
308.7072719,0,-1.400505543,-0.709281818,-7.791678704,0.485978388,4.08303727
59.9129825,1,-1.312446692,-2.379848207,3.220337106,1.634216721,0.283077959
32.91169742,1,1.796036029,-1.483054697,3.340240092,1.874624497,5.089658171
70.4623027,0,5.099167696,0.769306292,0.20960107,-2.961476317,0.988921693
89.06202085,1,-0.278581053,6.738120021,3.21847429,2.925896655,4.053287692
159.3634954,0,4.80264377,-0.52707146,-2.424679501,-6.898142883,-0.898121291
328.7547146,0,4.751195,-0.959094626,-4.945388691,-0.978178361,6.021323322
266.5548457,0,-0.077059415,-4.893965654,-7.138032369,-2.985549825,-1.571176195
130.9860575,0,0.735631987,0.267634147,-6.41636439,2.047539925,-1.683450381
133.4121967,1,-0.505039526,2.992691775,4.404990433,1.141599516,-0.493544412
205.0171404,0,0.779477602,1.087099227,-4.392543734,-2.47404408,2.916815044
18.18962897,1,-0.352368018,0.98510882,-0.06570776,5.051118703,1.930892158
15.72921716,1,-3.617699058,5.867885658,-2.744546015,5.303608065,2.887655431
5.721725113,0,4.076398874,-0.72064536,-1.057877542,0.691122645,-3.544395575
58.20264021,1,2.819386244,1.009853699,3.450939045,-0.119292024,0.537254038
260.7297393,0,8.031911558,-3.934188893,-2.517152296,0.650541303,3.853980811
235.6887728,0,1.849233385,1.249431555,-6.657501254,1.246377939,2.754595601
99.74337873,1,1.287801116,0.911413636,0.440960956,4.849497675,-3.76268194
12.42333664,1,-2.639418839,-0.515655885,-0.696374328,5.500663653,1.560160465
18.48430287,1,-4.904647256,2.159005306,2.306860293,-1.701790168,6.086921329
65.68675431,0,-3.462447879,-0.471909451,-1.090390975,-0.698876303,-5.518443279
49.8482347,1,-0.41946476,2.042972589,0.323374878,5.443651509,6.262897798
91.72218162,0,0.47515318,-0.29997853,-3.337976851,-0.081744347,-0.721421894
226.2819352,0,0.766862766,-2.649505752,-2.036901277,-0.50030274,5.72611333
10.98800566,0,-5.811152039,-0.575207312,-2.871645295,0.584546307,-2.752741955
109.6777214,1,1.079841578,0.948503739,-1.174384565,0.670526839,3.799739853
99.01224341,0,-1.5306172,2.66946284,-4.173232992,-0.613446262,0.872216955
59.93978212,1,-2.558204362,-1.889863176,-0.67795203,1.583618895,1.988263321
113.4277408,1,-7.540907166,4.250410561,0.00392116,4.05983856,-0.244449192
74.95513327,0,-3.351638502,-2.817216268,-3.559257404,0.399745954,-1.695363817
261.1694987,0,-0.692983929,-1.268610546,-3.93526491,-4.223418543,4.628852451
111.5399559,0,-0.744247551,0.069766178,-2.894083195,-1.502461586,1.001706915
102.0990738,0,-1.662353436,0.487840222,-3.396327096,-5.234953727,-1.205854144
187.3249017,1,-2.141883548,-4.726622266,9.145361728,-0.847690141,-2.808183185
66.99176349,1,0.057199389,5.216952595,-4.197001445,8.025256533,-3.233211983
156.0249699,1,-4.570173163,-0.626549074,-1.874756537,4.230647678,7.560119378
102.7712798,1,0.643636274,-0.894231205,4.467109949,5.883115837,0.995632327
37.71046738,1,-3.79317592,1.439732905,1.181116902,2.421262916,2.745975897
15.09286306,1,-2.422335633,3.075863347,0.20705095,1.335595223,4.131273346
9.076920727,1,1.879785884,0.345351623,1.140533382,-0.806244865,0.487720432
105.6809885,0,2.440234775,0.403252468,-6.902493612,9.144622869,-1.153015249
1.092040996,0,2.05625085,-1.54947436,-1.712600816,2.892309472,-2.882030476
33.23114067,1,-0.130074266,2.086686615,-0.3981464,3.437390541,0.319977543
289.9268578,0,-2.692400948,-5.047139565,-5.717977629,-2.205757087,2.671586596
8.073800566,0,4.392200577,-1.104631463,-1.810722097,-0.321737099,-5.402779498
62.85047092,0,-1.560496163,-2.670938648,3.046454258,-1.807755697,-2.248552093
51.21774501,1,-3.826009768,-0.001580349,1.53164852,-0.270822712,0.042226088
188.2316847,0,-4.77428131,-0.79841772,-4.382349773,-4.581600578,2.082111031
110.5475152,1,0.031882448,0.03386774,-1.291937668,3.37652106,4.541906992
17.91363382,0,2.255685481,3.019032165,-4.633523929,4.149888294,-2.541413744
117.2006401,0,-0.09142722,-1.275975314,-5.478904219,-1.533725275,-3.471653282
36.1776381,1,1.434109929,5.744186661,-3.750724103,1.811348237,0.088180703
82.657611,1,-0.774296094,-6.73268177,4.349131892,2.603982629,6.714621756
115.1701454,0,-0.101877973,4.063514885,-4.199410821,1.228243333,2.797415938
52.46899416,1,1.431719282,-6.32904868,2.51942789,6.674423013,-1.368789617
135.9414454,1,1.32016848,-2.156049765,-0.997188671,2.597078222,4.078607525
22.18773556,0,-2.651809726,-1.901309565,0.151924651,0.326377586,1.097830026
76.18065256,1,4.23393538,-1.407798962,1.113702419,-0.008744952,2.455261208
8.154322386,1,-1.294827868,0.144975823,0.889735884,2.740780815,2.832272223
81.06958622,0,-2.294541564,-5.622542496,-0.52922241,-0.941768582,0.030994381
19.44667782,0,5.462606274,-3.679226519,-1.752652086,5.483973226,-3.201410013
16.65113713,1,2.152076048,0.479998665,-0.653796304,1.462755745,-0.204081314
78.28519574,0,-0.896041334,-2.805382943,-4.636929387,7.088429557,-1.014069319
7.289644525,0,1.108711884,-1.261580256,1.169326392,-2.373821405,-1.09285017
55.98285268,1,-2.208550993,-0.704938572,1.942772457,1.938083236,0.241286499
64.0802147,0,7.578565226,0.113154408,1.113539444,-2.55972403,0.9202004
13.93829554,1,-1.041133394,1.456616626,2.757239915,0.83514855,4.714117951
76.09973266,1,3.837383027,-3.957619595,-1.640705318,5.541950676,-0.231714624
201.6167327,0,-2.321983185,0.914718579,-6.613259565,3.01446458,3.100244955
165.6602209,1,-0.764419067,3.51965071,1.366875747,-3.248120036,10.38727547
183.879703,0,1.475747831,0.472855536,-2.08311126,-3.506258133,4.050549796
117.7648965,1,2.587590746,4.455492743,5.153750128,1.992853259,1.788151305
42.02555409,0,3.109752988,1.149036711,-4.808247219,1.727960146,-4.170364904
164.3038259,1,0.824951077,2.697229907,-4.587731958,7.245525228,5.764099285
87.89349293,1,-2.313451754,-1.497095686,6.060427189,0.724575803,2.590866877
156.5890932,1,-1.820739248,3.259654247,3.987139605,1.263551918,-1.89543599
6.873430772,1,-4.297191445,3.598515252,-2.041870592,3.644250879,2.659802371
42.13457485,1,-2.764890215,0.380138753,3.397735006,-0.719766576,2.910818325
95.29441352,1,1.819197386,9.119095411,-3.353026446,3.310613838,6.093040408
215.2133733,0,-4.028102265,0.443113493,-3.853825752,-4.386850736,4.645376894
266.3177772,1,4.53647604,-1.090627303,6.76236475,9.628820359,-7.301342012
171.5332046,1,-4.859070155,4.649579078,0.725243669,3.791823935,-4.399812439
50.43415584,1,0.990989937,8.885738115,-2.978034601,2.328353215,-1.029549627
21.22682239,1,-0.277249066,1.834702756,1.449799724,1.375328009,4.556346776
270.6191697,0,4.610661688,-1.16874253,-7.271954388,-6.708023719,-2.427784869
60.57871769,0,1.475616237,-2.25865305,-1.155263125,2.642510274,0.493892952
227.3955274,1,0.131304513,1.033072376,-3.885158547,5.829535677,8.377465411
196.3491277,1,-0.904711985,1.558927168,6.563993556,6.556977647,-0.456168001
28.94678529,1,0.716933026,-6.104019436,4.700731766,0.271346734,0.924140863
55.33485003,0,2.066081974,4.517585513,-1.842309978,-0.052925015,-4.290032173
55.19663302,1,-3.008495093,2.595124563,-0.707772811,2.804208825,-0.549299554
84.69686152,1,3.517790768,-1.678718479,3.164302503,5.344406015,-1.172666851
209.4812595,1,0.730873823,7.037882054,3.610820421,3.806755362,-3.653945026
75.88340451,1,1.741550197,0.216074022,4.35633238,3.326976872,2.078773693
67.1132018,0,-4.291545712,-2.356419387,0.901712438,0.113319316,-3.420013612
59.48516293,1,-2.229527838,0.849146397,2.449361345,2.775632254,2.06342282
40.70963305,1,1.317914084,3.564354454,-0.359994178,3.928746313,4.580045745
20.28216325,0,-4.783155829,-2.85515496,0.990281067,-5.680701557,-0.34187593
175.9436113,0,1.166762751,-3.212570071,-1.618474754,-0.012959954,3.645255709
39.44099255,1,-2.41022515,2.366343997,-2.541725037,2.327953256,1.430108713
172.3064168,0,-1.60724229,-4.577823533,-3.218499171,0.276986431,1.547282408
121.8647568,0,0.07661433,-4.648695491,0.306702117,3.835156765,-9.389050948
187.4646302,1,4.219696135,-2.187112394,10.2002333,0.362692229,-1.647891638
223.5315977,0,-2.371876965,-8.588232569,-0.250825168,-5.176590129,3.349743345
179.9863422,0,2.249573123,1.880209907,-6.556398791,3.086931933,1.292341316
14.41013145,1,2.50915385,5.419519561,0.294508304,2.490950242,3.374594178
47.70735292,1,4.357476284,0.025048053,0.680252698,1.346670681,-2.983121933
184.586408,0,2.146173519,-1.659081108,-3.014413508,0.667679361,2.962136879
65.7540257,0,0.436361253,-3.493051786,-4.284317932,-4.064477841,-6.8657162
31.55818113,1,0.317841753,-1.395123484,0.005031965,1.209274808,0.783190181
146.4243639,0,-0.89271654,4.045023673,-4.844244949,-2.552962361,1.944241293
86.13443172,0,-2.111279124,0.547292232,-3.239124173,6.637945957,-6.491320931
19.61244912,1,-4.993251959,1.524681354,-0.760115796,2.678125334,3.48137269
78.36721136,0,-3.861252611,3.046472827,-1.761552894,3.006308799,-3.393421194
7.794310272,0,-3.250791504,-0.85831828,0.922299842,-1.994120725,0.438912792
19.42468595,0,-4.800862055,-5.779605293,-3.11522221,0.553657714,-7.125146561
0.635790452,0,1.305518678,0.451561931,-0.707160135,-3.825828033,-2.789063133
234.563399,0,-0.740477182,-4.384604894,-3.905303965,-1.248265956,2.745084306
14.97422728,1,-4.784620318,2.244032975,-3.17528145,8.630326598,2.866913009
45.059419,0,-0.438339184,-3.305139026,-2.416994734,0.84981266,-2.820020181
91.27365513,1,-1.154143607,0.651194068,-0.706875874,-1.23772053,3.343709292
80.45425472,1,2.74258386,3.37047236,0.205594178,2.94138227,6.274394838
133.3337322,0,-0.61772938,0.959670343,-5.446255274,0.570288042,-0.093784248
74.11567555,0,-2.485961339,3.917247896,-7.125657064,4.162920228,-1.054452053
283.1606932,0,-3.825078534,-1.929104332,-4.857653434,-3.965620825,5.07142203
165.5336965,1,-0.58790355,5.88741887,2.843491714,1.190058627,-2.973880482
130.366873,1,-6.592851166,-2.354556687,-3.472240189,7.425347377,5.152077169
117.0945609,1,2.321422128,-0.863972943,0.4292735,3.330058139,5.917723968
66.09485063,0,-1.502787402,2.544021587,-2.809801405,4.314069906,-4.488448095
82.99084809,0,2.684625239,-0.478323103,-2.957594136,0.338640579,-1.25490682
36.75714789,1,2.049541749,1.522510001,2.20861267,1.493502801,1.75885755
173.5875196,0,-4.158545395,1.356687297,-5.512702831,-1.225694843,2.419308372
183.0583705,1,2.216379673,-0.986975394,7.779624721,4.53241505,-1.108381958
12.24607449,1,4.377055368,0.305630408,-1.1746291,6.168037113,-0.750429503
184.9806972,0,1.019113325,-2.327673092,-5.742266559,-1.872436533,-1.712483007
22.91759524,1,2.879218834,1.048869223,-0.218108297,4.23086876,2.071466846
141.4757427,0,4.711206302,-0.188322204,-1.092557123,-3.169492105,2.058971858
22.68633049,1,2.946130921,-3.035608749,-0.132188426,4.723690635,-0.198501896
52.46880671,0,3.80938601,-5.605764363,0.866232815,1.512527943,-0.500093557
165.1004528,0,-3.770219061,0.952521876,-9.294447778,-1.300867682,-3.565499435
161.0782458,0,0.367963685,-9.509864189,1.564913476,-2.561295098,2.520242879
228.1701128,1,1.726322588,-3.190857036,3.245255999,-1.938391529,11.39221658
108.6869852,1,2.265028083,7.27118483,-2.947482399,5.930019198,7.237804784
80.56107939,0,-3.623442188,-4.632977106,-5.999100758,-1.89575085,-6.723105964
41.15975495,0,-2.824598383,-2.129056608,1.099496794,0.353833789,-1.645788416
149.1667246,0,0.083847477,1.707024175,-3.118768798,-2.771248393,2.56398291
153.5174243,1,-4.602367524,0.309263998,-1.845014429,0.789771039,6.568479895
115.4618494,0,-4.128359773,2.137880101,-5.108639264,0.252854798,1.364600774
53.7440834,1,0.127636723,-3.265287038,5.202091854,1.010943612,2.118166514
4.943587779,0,-4.752412253,4.931268485,-3.477110965,-1.012285108,-0.733129123
51.89307774,1,1.015742804,4.473925208,-2.809059194,0.597522604,1.086711313
108.864741,1,0.432419006,5.035883307,2.769515019,3.186650319,0.819441175
71.67981263,0,-1.627426802,0.526121201,-6.496922184,0.983310223,-4.069718281
118.2443466,0,-10.42392389,0.187664033,1.80725408,-2.894314069,-3.36476719
134.5446434,1,-3.911533879,4.231060309,-3.893959546,0.893165178,5.104946435
158.8085164,1,-2.801653655,3.602809263,5.42307549,3.301363136,1.319733087
12.11741378,1,-5.171806113,-7.492519048,-0.295276959,5.68480652,-0.480083515
149.4331186,0,4.578379296,-0.85043172,-6.273201691,4.341763597,-1.787555907
60.24344775,1,5.631231375,5.617733272,-0.257609665,4.88772327,-0.429072537
16.62892903,1,-5.875244894,0.994669257,-2.819667747,4.166393972,-0.053964041
44.34130745,1,-2.336081124,1.626959835,1.298197188,2.862376757,2.046194337
44.46814497,0,3.34681197,2.14872073,-3.294955076,2.400937794,-1.145410261
73.49290441,1,1.575122473,3.158053813,-2.951172833,4.982720216,2.76798595
146.2269201,0,-4.014725988,-4.654176005,-3.550406958,-1.952972086,-0.287311455
31.89473755,1,0.20790436,-2.627655401,2.269805122,3.43161736,0.989525233
29.98658867,1,2.707621883,-2.472340113,0.708396791,10.2696234,1.180835688
112.8700039,0,-5.892531812,1.578370466,-7.121860135,4.485886663,0.632051208
14.53670559,0,-0.693304354,0.64645686,-0.771610879,0.461739334,-1.253513298
96.86749323,1,0.900716424,-0.193571797,2.248650132,6.042964592,-1.266031163
179.9389618,1,-1.677873723,7.438160105,3.981090694,9.329681236,2.632226024
28.03832955,1,-4.471126107,4.137130276,1.337892175,0.594616156,4.707112229
14.13874372,0,-0.128892907,-0.403107761,-0.402677539,-1.179484999,-0.593560669
32.77596455,1,3.27373428,-6.494396558,0.916096029,5.06448558,-0.571234525
15.29845626,1,-2.8949197,0.484249927,-1.886436547,3.231550888,0.543566015
41.4580316,0,-0.010149587,-0.292672509,-2.807304828,0.51328474,-1.810107184
11.28939088,1,-0.683718594,3.551837354,-0.740627521,4.241209343,3.568690694
227.5888157,0,-0.238454819,0.396267559,-4.15525421,-4.614879269,3.334459526
259.61448,0,7.483226967,-0.324254825,-3.246606114,-1.658206317,4.209994376
82.02137068,0,-1.408637489,0.641586029,-2.51158126,-1.735534963,0.60066878
27.73401311,0,-6.556296286,-2.5277997,-6.050116852,4.733262545,-4.061128076
35.14454765,0,4.974527622,0.32850573,-0.546503967,-1.394104748,-1.205452115
118.6204569,1,-0.106728978,0.630442353,5.071296223,2.916853418,0.606134941
222.3603412,0,3.484059014,-2.900550496,-2.898358808,-3.836503721,1.788095602
222.3480558,1,2.315037169,9.247102153,3.725941139,4.238001473,-3.40853605
47.84440452,1,0.031724175,0.501036917,-5.044381676,7.123135416,-1.45567781
99.2418835,0,2.005251339,7.050320927,-3.474685159,-2.852016492,2.435599948
61.53337018,1,0.256987065,1.990250328,-1.015886794,-0.006303016,2.333086884
45.47377515,0,0.558657417,-2.249822179,0.712567838,-3.405156194,-0.01750361
46.59757738,0,2.14192333,1.154705384,-3.579820346,1.46721956,-2.02456145
295.9359569,0,-1.981709185,-2.155487133,-6.326084194,2.009038284,5.555859351
83.44631334,0,-7.909333832,6.161607772,-2.582160259,2.179897211,-2.034098595
10.04463671,0,-2.841201021,7.252870241,-3.850145948,0.28247862,-0.371334298
199.4330346,0,0.273369068,-1.117376477,-1.516019579,-3.480544002,5.02068336
58.98083494,0,-2.176879069,-4.858512707,0.057307598,-0.811164573,0.156786876
10.7547041,1,0.639840512,3.079705196,0.218366793,9.413462283,5.960388321
63.90581591,0,-1.137221572,-2.594303434,-1.565393187,1.148920371,0.099507035
68.29899229,0,-0.187368848,-2.078344028,-2.863958309,2.584781025,-0.824327136
48.50422821,0,6.95859607,0.943580411,-1.419383497,1.34606086,-0.898532552
46.46412379,0,0.550294971,-3.300871972,-1.759281481,0.098869493,-2.336228043
145.3959976,1,-0.485321386,-8.169167643,2.559217457,5.204745476,7.427125376
26.367187,1,3.751963852,-2.9912839,0.570166515,4.334540763,-2.09215022
23.5091049,0,0.220850439,-3.699205973,0.383573207,0.41673164,-3.304223979
116.1465588,0,-4.655076601,-2.45495158,2.312961657,-3.139179439,-6.333286068
25.57878466,0,0.436999194,-2.705934621,-1.105587525,3.746108951,-3.509141009
218.5078119,0,2.010463349,-0.447347985,-5.756615622,4.517780693,3.466073423
89.07322491,1,1.184048134,5.199968474,2.212154075,2.06448681,0.736401926
137.1119765,1,-1.467280862,1.983955929,4.659625031,0.199477142,-0.910289535
25.11677363,1,-2.348855554,-0.62206275,-2.721789096,9.510177296,-0.45226293
83.36992073,1,-8.439298852,1.696612068,2.571756078,2.03102119,2.898476811
25.29442839,1,-4.8936118,-5.440282998,0.231005418,5.119112333,-0.426028293
67.25388191,1,-4.029028932,5.970753844,-3.820590962,3.089260376,4.127663797
228.3027504,0,-5.019236143,-10.17066562,-0.051374293,-5.683138544,3.635926967
150.6437139,0,-3.687735868,-0.149029295,-6.86430982,4.845920037,1.104814025
6.357428568,0,-5.571876625,0.37089204,-3.23158275,-0.396545276,-2.827534456
134.6524358,1,-4.625840067,2.097956849,6.334435536,8.328569893,6.248539274
14.12671908,0,-4.094196819,0.017436869,-1.491726577,0.028592205,-1.505870789
130.8080478,1,0.055864883,4.028020231,2.089245956,5.047752647,-1.176008556
10.93922131,0,-1.531908165,-3.998390033,-0.615649554,1.343519562,-3.015304016
4.858162967,0,2.800490487,-1.188299404,1.586437713,-1.664325909,-0.75796805
64.971384,0,0.900154229,3.404711385,-4.449716759,2.828962529,-0.008265437
141.6750845,0,-6.06499036,-2.175773723,-7.203578777,2.0551695,-1.507877796
159.449069,1,-6.775934494,2.550597411,-0.241788569,7.704927395,-3.804357412
241.611145,1,2.303885759,-0.313572601,-4.392374348,3.534630007,5.614413944
82.8439987,1,0.533167604,3.705844133,-0.695366202,1.696448187,5.516533664
274.9974618,1,3.766484294,0.605732693,-5.698888065,3.471427525,5.507120678
36.61226057,0,-2.75955841,-0.949921335,-4.748218776,1.713228803,-3.640579892
262.9350362,0,2.899183004,0.02805139,-10.91103272,3.967571338,-1.819351009
141.9616729,0,-2.860906768,-3.355665302,-3.139300349,0.169926176,1.364799917
87.04781352,1,-3.264720869,5.86029045,-1.533560783,1.88777402,-2.002301146
34.17060183,1,-5.922902686,0.054609148,2.559068499,-1.361464663,3.08760553
128.5975173,1,-5.602118921,3.123699743,1.868700581,-0.288318276,-2.310091657
52.09156446,1,2.085122864,3.664339121,-4.771038203,7.775092382,0.721139438
337.955866,0,-8.595749974,-1.874201115,-12.97562883,2.00665401,1.007867838
151.3200133,0,2.090892212,-0.767480354,-3.889242715,1.621729797,1.28953574
105.3927698,0,2.250693978,-1.475978512,-2.597957501,-1.17357564,-0.809261421
12.17709916,0,-3.898936107,4.252954053,-2.320507844,-4.514308174,-0.558218983
47.78760336,1,0.718705167,-0.570979589,-0.547492782,1.409148103,1.178708651
155.6244577,0,1.641343527,5.021259083,-5.886431023,0.487751548,2.1240092
39.21792439,0,-3.427623297,-2.428025737,-1.51596194,0.297849057,-0.418210667
107.0594426,1,-3.102207932,5.210305821,-0.759103978,5.378809231,-1.396063538
201.3276767,0,-1.010790312,-6.344180129,-1.839743981,-4.414714157,1.427210452
80.98777962,1,-0.623130278,1.835072268,4.523767699,-0.920710403,1.899417959
12.93752892,0,-6.599383605,-2.484271119,-3.994610059,0.770411137,-5.396591266
26.51038165,0,-1.453514877,-5.74895735,-2.906041166,1.420583286,-5.140011834
7.575068143,0,2.258256875,1.906670497,-0.171874737,-1.422585172,-0.158140278
237.9763388,0,3.830643197,-1.285704784,-3.320861051,-2.392312324,3.493418348
159.4544844,1,3.443492509,0.606224626,-1.455318654,3.317126782,5.839821374
23.90435504,0,-1.291236698,-4.422841812,-1.745857233,5.843551406,-3.710506898
20.06193091,0,1.505113181,2.608141153,-2.2737907,-3.766265808,-5.186024437
160.3463549,0,1.812541777,5.418738598,-8.989832615,1.048514912,-1.523696667
128.2089862,0,2.506528371,1.759437933,-4.255694013,2.822651886,1.781034427
7.485385688,1,1.397231961,6.134324407,-2.352865647,0.787010886,0.223827206
12.90874317,1,0.608083761,1.00327338,-1.631563022,1.58562649,-0.747360153
237.6397829,0,1.301277888,-4.066189875,-4.571227926,-0.677954293,1.687849343
94.73245649,1,-0.290544834,3.026019271,-0.873750702,-0.054872675,4.967682644
9.1372693,0,0.527170683,-0.162116566,-4.740226414,6.332301116,-4.644845134
135.5759432,1,0.257571369,3.803974386,6.424124935,1.172679769,2.462236983
25.64140068,0,-2.176616401,-1.21586468,-4.035456011,3.4926327,-2.77498896
76.26703624,0,-5.56909155,-0.269633754,2.506481982,-4.210240823,-1.958939342
166.4034749,0,-3.988356671,0.594711676,-5.066230022,-4.047268403,0.958146509
63.62990677,0,-2.693749642,-1.925924802,-0.90706866,-0.908419903,1.075410752
257.8437702,1,-1.532475782,3.558821816,10.3842898,3.999242057,0.942139289
14.32447015,1,-3.488824524,-5.41114428,-0.087766682,4.06249746,-0.080962044
113.4239781,1,-0.587623834,-2.273135501,-0.214132573,-0.725984885,3.171135259
88.35107181,0,-0.899164224,3.44584849,-4.809938074,2.779816284,1.287556457
59.51909473,0,5.108356201,-3.109281378,-2.272019571,3.051281184,-2.729040312
62.552979,1,3.776970923,-5.943231256,5.153206815,6.286961699,0.694275551
12.26743703,1,-3.547228699,-2.481424528,3.146869672,-2.141191284,2.628271637
315.6490947,0,6.357207783,1.130320192,-6.109730156,0.478551269,5.212744726
95.40671302,1,5.01344091,1.933262087,-0.269285177,4.455202951,5.232091057
70.45005322,0,4.234430997,-3.651496852,-2.692596975,6.398623161,-1.262535914
40.72647613,0,-0.023710719,-2.127168996,-1.634299093,-2.730338831,-2.89422276
48.62039673,1,-0.018483923,3.114737759,0.935194907,0.17181378,0.20159728
136.1152,0,-3.107571043,0.759183903,-2.781959186,-2.317511401,3.114283183
6.470246223,0,0.621455087,-1.173825012,0.75261652,-3.121144367,-1.635159999
71.9173261,0,-1.059964581,2.957204156,-2.227201897,2.59436521,-4.688077703
29.8397229,1,-2.256914915,1.434991985,1.09828734,1.480840835,2.099945417
37.11706865,1,-1.370721567,3.464396933,0.747215019,0.887065764,1.835036285
112.6426839,0,6.144721551,-2.654207567,-0.701449946,-2.674200503,-0.61667636
162.5804701,1,-0.522917022,-2.678439042,4.597575251,8.366869013,-2.631458506
232.0005309,0,2.730272285,-0.022345247,-3.81237176,-1.213444493,4.255059824
42.2993693,1,-2.715644994,1.297880155,-2.066178389,3.049351675,2.008211821
104.7684509,1,-1.329372314,11.22125945,-0.934762068,5.690867839,1.659293768
37.64666248,1,1.10118537,2.363450015,-3.972885941,8.542263093,0.956253157
38.10763799,0,-0.08645983,-1.325369864,1.580245359,-2.649157905,-2.358125445
88.17508603,1,0.051637519,-1.319822438,3.027729094,2.415496789,-1.436256545
29.05386333,0,0.159526959,-4.110407121,-1.32532902,2.79280946,-5.213779338
156.9207155,0,2.130518143,-4.753938727,-3.228899794,-3.915774702,-2.433884871
59.30835104,0,4.311813144,-0.841467538,-1.862533698,-5.365628989,-4.057766108
61.70527373,0,-1.788654028,-1.596151563,-2.478644967,3.537094528,-6.580758052
82.11732176,1,-1.762536586,-3.136492343,-1.131701701,2.003662007,1.58623676
130.0663614,1,-4.189087809,2.336320748,1.467645249,2.638378355,-2.731288515
104.3745462,0,1.215347714,-2.948578878,-1.408942322,-4.635005164,-1.280849793
26.37875634,0,-0.483350254,-0.835241469,-0.274925914,-0.046228102,-2.523664237
115.0622205,1,0.938657879,1.962722845,5.2230474,2.68232434,1.496947303
6.607625178,1,2.083003743,0.697072178,0.277945746,0.474125493,0.329905043
58.18329083,1,1.27826643,4.195114476,-0.492446767,5.756935594,6.340528661
151.9255092,1,-0.644101926,0.227313284,4.272132805,1.791999529,-3.41875125
97.80397154,1,1.734299248,1.796550436,6.328825286,7.889976944,6.103098058
212.7583273,0,3.232134444,0.646983952,-3.500462552,-6.890433141,1.531060425
21.76192338,1,6.367837125,-0.805732521,0.26361879,2.984631907,-0.305495345
256.2148295,1,4.947830913,2.071837055,-3.610795713,-0.77672237,6.088170552
125.1976867,1,-7.48554331,4.504444967,-0.249397274,2.684220069,-2.065470341
91.01614915,0,1.482181338,-4.103246915,-1.367098419,1.102407664,-0.194220506
25.12060507,1,-5.53908108,-1.567496856,5.325726332,-4.24274732,4.99452436
119.6995878,0,3.722084238,-0.050985238,-1.245201222,-3.293689968,1.165494231
92.27272791,1,2.588057263,3.228416604,-2.668180545,1.346908834,2.193250686
30.31920311,1,6.380107656,1.347222741,-1.564771729,7.209444546,-2.136655905
228.6639323,1,0.820885316,-0.282821902,-3.899815363,2.632427169,5.868075548
107.6286331,0,-0.296876744,1.577184347,-1.75907354,-1.858274012,2.867921497
115.6056302,1,0.243448432,-1.070126715,-0.881877365,9.565853698,-5.533190976
17.3117653,1,-1.843125157,0.617608657,-1.998752146,3.327178318,-1.028344588
66.23433154,1,-0.204338507,4.338557256,-3.501100977,5.029065393,2.939202111
170.7322645,1,-3.698779688,-0.442857159,2.97462532,3.774090653,-4.943988805
69.40346267,1,-3.437607123,1.476874104,-3.433676259,1.844455925,1.277364128
35.4372661,1,-3.109707916,1.191438832,1.637817281,0.498694559,2.222391366
36.11509296,0,-1.749593812,1.358483288,-2.330490673,4.053139587,-2.401529173
26.87059056,0,-3.590420167,-2.523555873,-0.524344158,-3.186067365,-4.40572585
147.8028008,0,0.53563507,-4.955711425,-1.337487393,0.301144783,1.905556879
75.09007564,0,-1.066930688,-1.08727085,0.959686677,-5.293273904,2.153655175
33.92966297,1,1.20612487,5.139355347,1.535931602,-0.079506973,2.979007249
62.47940932,0,2.233282906,-1.740457341,-0.860836079,1.045788582,0.330722114
150.0200739,0,-3.985728148,-1.635000176,-3.512290243,-1.63241453,1.937286327
155.94005,1,1.338091002,-4.538052944,-2.535757814,4.726593561,2.326666257
82.45657084,1,4.160555061,-1.263534125,3.050895482,10.61979488,1.06122226
46.9939835,0,4.035768017,2.419490332,-2.324881231,-2.175044334,-1.747337866
40.12099735,1,-2.668792801,7.245807288,-2.261596094,5.695491566,6.483896401
48.20505279,1,0.980613747,3.134309697,0.504327258,2.550821687,0.509399881
3.103055216,0,0.26062019,-1.385859262,0.621561776,-4.571899259,-2.338768364
43.74944629,0,1.386372362,-2.134756411,-1.854221114,0.657123892,-1.953313862
105.5898404,0,0.119634818,1.803089108,-4.624117944,-3.296654305,-1.663266767
40.34369021,1,-5.843547035,2.888078844,-0.385448214,-0.600056686,0.713245861
126.6398811,1,0.356388597,-0.488421707,-1.995743758,1.626198186,3.22771719
12.83901968,1,3.061757351,2.881362061,-2.368728168,4.402611349,-0.300499793
112.3114651,0,-1.473143669,-3.867787774,2.569119557,-2.23391449,-7.355153652
5.437520933,0,-0.097772398,-3.476685227,-3.064467482,6.90882007,-3.730144119
109.4432488,1,-3.739618136,1.553498866,3.482983965,3.254263404,1.124486254
183.0778614,0,-2.524578491,0.7597207,-5.112550828,-1.687245783,2.172417697
22.18452493,0,-7.156453882,-3.180902583,-2.916473692,2.416838611,-1.339877758
38.55914256,0,-1.819970726,-2.850093936,-3.694020001,-2.333600796,-5.355781284
30.29710144,1,0.425884476,0.150204775,0.848310027,3.539176854,0.857331204
60.85710026,0,5.734631063,1.852862714,-2.624866989,1.55635393,-0.940731766
69.95588923,1,2.855525074,-1.220221211,-0.922837985,3.225476781,1.436615807
14.93180486,1,1.841263753,-0.996070716,1.457899562,2.200573403,1.019826383
39.25362709,0,1.150151494,-2.053277902,-1.558897517,6.8513699,-3.607037611
18.9986438,1,4.444356326,0.053490037,0.951147749,0.394935926,0.578994158
121.3258742,0,2.812655733,-8.232464017,0.071742106,-1.347167032,-0.919903064
221.56328,1,-2.341153934,0.15018821,6.746166915,4.033183824,-3.270857988
141.8980469,1,-1.366636819,0.69180671,-4.401244897,4.192755863,3.198040192
140.2809808,0,-2.041513367,-2.255153088,-2.31074406,-0.015396895,2.697205494
79.86224337,0,-3.532087194,-4.6958441,0.706939051,-1.60997968,2.339609773
19.57280355,1,-1.459257127,3.137359532,-1.225320707,3.697253671,1.494416667
107.7736409,1,-0.510846694,2.907499755,2.195152951,1.572482016,-1.35113009
242.8550476,0,5.349526991,-1.126449135,-7.314275947,1.050868137,-0.66011218
110.0102379,0,0.501641964,-4.396498941,-3.841359804,1.6190518,-2.308181279
106.1522532,0,-1.322639334,5.356543039,-5.01884167,0.613463641,2.153939324
146.9152424,1,1.796595254,1.249872656,-5.464316282,8.959258374,3.251396105
60.78794969,0,-8.018375327,-2.377017259,-3.099228618,-1.667035605,-0.682881413
38.09476194,0,-4.948090636,-2.791122777,-3.384663436,0.11841207,-2.791944322
27.17412965,1,0.569707775,3.489714732,-1.495570255,3.220019569,-0.244619632
21.92012713,1,-8.096020365,1.885718514,-2.06761132,2.866084627,3.198209104
7.765767875,1,0.474247122,7.589863987,-5.965607353,8.148096599,0.13620371
24.58960873,0,-5.054482345,3.576179204,-3.719898851,-0.804974115,-0.235803254
144.8920109,0,-4.201819669,-0.983119401,-1.701296783,-5.953149901,2.812467896
160.5650433,1,-1.55039876,0.227367772,8.133363816,5.379590473,3.144401966
84.73975171,1,-4.768495633,4.194388618,3.237516222,1.002569585,3.583328715
11.15122691,1,0.895949685,0.971561114,0.921525754,2.052280245,2.742955739
21.14099165,1,1.560711313,1.589858351,-2.205891695,4.38253384,-0.016674043
143.6141768,1,0.146892292,3.5277148,5.456207812,6.104518213,2.460499142
26.56075327,0,-5.253715739,2.571035903,-2.04493791,-1.118845924,1.313151746
126.05498,1,-5.040221197,9.970561407,-1.806054878,5.373865991,-0.554321339
81.00068811,0,-1.471414746,2.764527148,-4.320372582,1.610258316,0.856290505
102.4965186,0,-1.889477814,-1.412207128,-4.012769706,1.761268484,-0.12951156
13.86220119,1,0.300010408,0.798943141,-1.118426509,2.432600354,-0.553058765
198.2479216,0,-4.952166835,1.343916472,-8.355895537,0.87780474,0.880392184
48.95480284,1,-0.891270442,3.151725575,-0.047919849,-0.200111549,-1.054791868
13.62157279,1,-0.790374906,1.263967756,-4.078119644,6.835213572,-1.202055496
31.19308724,0,-1.857516662,0.577997284,-6.352440017,3.196747216,-4.737402305
44.32412418,1,-1.722414567,0.147160036,-0.171690066,2.731350725,3.4959934
114.4735866,0,6.12249466,-5.999213674,1.855444071,-7.022061494,-1.117201202
73.86257592,0,1.415479434,1.56737891,-1.924590945,-0.066618526,1.360881222
165.6253116,0,0.455655191,-5.761632254,-5.074716846,3.779861592,-1.293095175
19.83220719,0,3.849669276,0.938348407,0.261080585,-1.227149374,-2.316971061
133.3819434,1,6.84894579,4.294236576,4.808361257,9.093068228,1.768811326
90.65430688,1,-0.042003829,3.321832406,-2.910320533,5.803063787,4.630210422
62.52856249,1,8.541645639,-4.293196957,2.870571764,1.464046443,1.535929636
15.75612681,0,-0.599719526,-0.208613478,-1.635166297,2.116358331,-2.244626758
79.61971643,1,0.547831509,7.285488542,3.371947192,4.422923166,5.66958823
45.01476049,0,-3.029102557,0.484372542,1.883593885,-3.903141063,-1.053261455
10.43089243,1,1.771919762,-3.140560979,-0.959552016,7.293020799,-0.973831904
181.70478,1,-4.302217823,0.093270959,5.313705298,5.051291791,-1.462066086
112.7862719,1,1.571731684,1.963002106,0.950133585,8.27732068,-1.840005396
38.57302079,1,2.369763215,4.32984322,-0.71843297,5.229134234,0.794036089
191.8043172,0,1.756027442,4.021145698,-3.105300614,-3.623708773,5.15386793
94.72068638,1,-5.628506452,-3.174742733,2.619193219,2.430775001,-1.79741981
60.40887079,1,-3.561725192,7.249542776,0.155253937,6.575703149,5.012081628
54.61982198,1,-1.775127201,-0.345103157,0.36127908,7.323531227,0.779913839
127.9143288,1,-10.79676424,-0.806916345,-0.747208972,-0.198240843,7.821121392
18.07727805,0,3.561419833,4.487658134,-2.225750623,1.056095632,-2.10451374
43.59580013,0,-4.990061734,-4.977363778,-3.08764888,-1.771119719,-4.35061935
61.00963676,0,-2.801866648,-7.091399547,-2.586205351,3.207668516,-2.695232629
34.46991338,0,-0.06955014,-1.690067832,0.146002986,-1.058486138,0.337704858
133.8785751,1,1.332168457,-0.988070454,2.555714383,2.650756098,-5.527092538
43.07707021,0,-6.889383251,-2.976510751,-1.968571076,6.57404041,-2.204420616
121.6140031,1,-0.608482832,6.394913924,3.828154144,-1.632359443,0.558298674
12.45419642,0,-3.987779013,-0.161634187,-2.674261301,1.243530614,-1.242979174
47.9151959,0,-2.317850328,-5.01257606,0.120346366,0.048686305,-5.597999035
10.11907135,1,-3.483359693,-5.536716748,3.496688008,-1.945018642,1.862014975
12.9070656,1,3.463545599,-1.417221044,3.118359931,2.718007673,2.821786264
187.9593511,1,0.049801279,4.020347669,7.425917572,3.031486734,1.114799556
165.0100831,1,3.007997597,-0.886102798,1.824240937,-2.79351791,7.118173893
200.9287908,0,1.289075975,1.039660736,2.807507808,0.50924911,-9.91707776
47.9564292,0,-5.15185381,-5.284819431,-2.839112343,2.043910667,-2.211814831
35.74270844,1,3.207990114,1.987713257,1.000291723,4.776503257,1.426300483
13.2828411,0,-5.950305594,-3.713543728,-2.94405362,6.177357729,-0.85949324
39.9116455,1,-3.558941822,-0.884640966,1.15071431,-0.289235289,3.651725832
58.246287,0,-1.031309408,-0.221191943,1.332851777,-3.935463749,-3.776922763
66.22536211,0,3.365324701,-0.59120211,-2.945403932,2.589495539,-1.250427312
18.72818542,0,4.007217666,2.362750616,-1.345710413,1.641162834,-2.363202028
14.31813851,1,1.692105794,4.872224865,0.534075681,1.559105235,3.313473109
20.67032294,1,2.925383978,2.180663324,-2.446148354,3.677113414,-2.396450346
211.363805,0,5.327333969,0.695976198,-6.361101715,3.3325242,1.250031266
114.5094103,0,-3.288898514,-3.197253767,-6.007495568,-3.080441653,-4.974189341
107.3462094,0,-1.061527673,-2.17445282,-7.003921266,-3.780330953,-7.140846527
105.6344081,1,-2.610060102,-0.605985375,-0.040471588,5.576696717,-4.229307395
73.33035719,1,0.532027025,2.572115936,0.477763215,4.932157676,-0.475872331
91.10143441,1,1.185222774,0.72373892,3.049656292,5.092455829,10.46882381
38.84212168,0,-0.777140964,-0.342736557,-3.228893518,1.374964052,-1.925816003
137.817507,1,2.268935831,3.564674505,-3.839088309,3.843754054,4.167199686
277.7676583,0,-0.612682579,0.56790709,-6.094778462,-9.413354037,1.270334591
87.67137297,1,-0.355277677,1.077361751,2.857996706,3.847827024,0.56514991
151.7137522,1,-7.886224564,2.521662317,2.111307935,1.669009352,-2.273203287
328.1386468,0,-3.469237859,-5.163245577,-11.9657581,-6.435272957,-5.691044796
92.19817379,1,2.63443066,6.741363669,-3.104776005,1.227832039,3.670148626
138.9089632,1,-0.915108704,0.827306942,-1.225922554,-2.223287806,4.499512971
14.54321307,1,-3.051817922,1.318332556,-2.525225296,8.257194867,1.498973011
79.81108918,1,-0.234066578,-2.224326621,1.9473045,-1.769463821,4.032441444
45.96733924,1,0.561250127,0.350467896,2.417451157,1.753975917,5.963310211
39.08783519,1,-4.991086088,5.105341907,-1.721780597,-1.857084698,3.368239
68.00169625,1,1.065197232,-1.283142486,1.177691448,1.14469023,3.820415226
28.87524293,1,-3.013309862,-0.548094803,0.456530803,7.877008333,3.083401149
39.01759172,1,2.340893564,-2.455749831,1.12784576,2.538941323,-2.150360141
206.8569933,0,-3.200291017,-6.024745352,-3.571479565,1.853777551,3.098413627
11.58153202,0,-0.89146624,-2.513996942,-2.145267122,-1.800293407,-5.848527161
44.25061296,1,-2.813723237,8.014760085,-0.3685545,2.350139512,3.927074003
25.74505668,1,-4.231306399,4.958234135,-3.017143878,1.128573302,1.915412657
35.08280679,0,-4.317445234,2.286117343,0.224849948,-4.922182958,-1.371464861
23.89376636,1,-3.64280099,2.055940338,1.1679571,4.555764564,4.888846477
125.0148352,1,4.691962458,5.568398236,6.669110094,4.096955189,4.403329417
236.914035,1,3.817743305,-0.134603955,-3.405180659,3.913951791,6.523243869
82.93345444,1,0.52758708,0.044092758,5.079728676,2.758709842,2.500321242
32.7851388,1,-1.941402173,-0.321849486,-0.158002498,2.303692204,-0.607809618
191.6708004,0,4.088293138,-0.716730799,-4.829770386,3.847809092,2.365582886
118.0340015,0,-1.022086541,-0.494539118,1.645255254,2.145389012,-5.057101409
138.1313312,1,-1.071913897,1.65735281,-0.620833556,0.004974317,6.759641861
75.56714524,0,-4.828575949,-1.408644137,-0.325573113,3.710967532,-3.309016823
41.08553707,1,-1.258107349,2.067924967,0.143126463,0.373273016,3.858204716
96.18054804,0,-6.026491336,-0.094863258,-5.958946168,0.490023504,-1.315929024
78.2597669,1,3.682938073,0.427986259,4.649644625,0.934916923,0.795763365
14.76236366,1,-4.188807473,-2.957235499,0.514954691,2.768801351,0.941383795
41.75498185,1,-5.128353282,4.182370144,-3.854579155,5.504943984,3.207526319
97.91260177,1,-0.916811101,-4.927729049,4.725140395,2.591579446,-1.787958582
14.65527617,1,1.367143765,0.733669414,0.587704297,0.028802772,0.166213769
18.72504739,1,-1.706231551,-1.807912933,4.529649541,6.987666779,7.77498871
22.7077221,1,-0.69948144,7.865234399,-1.997009184,-3.502323613,1.756535127
203.8866998,0,3.224186634,-1.285164635,-6.256175536,-1.806409763,-1.66333668
38.76679691,0,-2.342187834,-5.312319122,1.058906353,1.192962049,1.333189258
10.66282475,0,-4.268066085,1.073460409,-4.903190764,4.60689745,-1.964553109
75.90306007,1,0.319903295,-3.02286225,0.035674396,7.927257834,4.895369115
199.7908433,0,-3.712382497,0.140982824,-6.070556602,-1.807146642,1.764314201
215.8915788,1,7.851524383,-6.948187028,1.913784113,-0.306621682,5.289460266
161.4897419,1,-0.329566753,1.540083628,-5.388574145,4.180863,2.804756555
77.70355667,0,-4.143578743,-2.740321029,-5.703629241,0.393206528,-4.166614253
48.80438958,1,1.724758551,0.802851837,0.035882846,2.814852665,3.232257246
170.6713012,0,-0.507574712,-1.877526853,-1.973190348,0.151421063,4.369835263
266.050251,0,-5.301044873,1.705940624,-7.874187689,-2.863887561,3.409785336
41.79655537,1,-7.142567316,1.202791542,2.734605799,-3.108107939,3.021662887
304.9577358,0,1.764552778,-1.303039178,-7.758986361,5.133955678,4.555943353
77.94276463,1,-0.343556568,1.594492086,-2.978159115,3.138483462,1.918684172
176.3228623,0,2.815099926,-3.124129071,-4.316852355,2.459037398,0.526916823
32.80255573,1,-2.963574266,-3.192354983,1.691136204,1.091562886,-0.10090051
76.63367124,1,2.743249515,0.707296714,2.449678346,-0.585615293,-2.509977206
112.9821201,0,3.462472688,-8.071188515,1.151913039,-1.888435517,-0.216097582
64.47711881,1,-3.805426109,1.719168368,2.141842076,0.115717012,1.206637616
45.08056326,1,-1.324308701,-0.019642227,0.633432382,5.035728472,0.789456136
73.74849768,0,0.990228715,-2.059230796,0.260704964,1.843740522,-5.738635955
100.6105374,1,-1.42008963,8.618240932,1.692315243,5.078980719,3.761849965
163.1025366,0,-0.090682612,0.673239029,-4.875697498,0.282017049,1.551495804
2.481563363,0,-0.075570306,-3.371594591,-0.34333155,2.021457493,-1.831175582
162.9496658,1,-3.727255074,1.938275537,3.51882318,1.99364369,-2.917666207
44.57102801,1,-0.179582237,1.885226688,-3.819052481,7.584121524,1.151573223
22.26859815,1,0.710411391,4.616681806,-2.323579201,1.326049762,-1.106666675
120.0518047,0,-4.627117164,0.968370221,-4.556818403,-4.154926087,-0.118552892
25.57997672,1,0.222179037,3.326528242,-2.198402419,3.287219862,1.375657531
288.1935487,1,-6.954976798,5.354359537,5.238727322,11.28059543,-2.017950542
263.9536412,0,2.005136891,-1.169636918,-6.496325143,-0.768896083,1.754072227
118.2248014,1,0.850595763,-3.329146868,1.665769487,2.579106789,6.30318276
34.26618066,1,1.175093301,4.130607286,0.233694484,0.110120517,0.594119955
129.5002152,1,-1.616513976,2.333544743,2.690674084,5.804879954,-0.491481436
87.38532534,1,1.227956524,-1.657040124,-1.601416369,2.37998439,1.263973041
9.879507068,0,-1.747418244,-2.92006698,-0.098430444,0.939198233,-1.608723306
71.80298612,1,-2.929340661,-0.095980711,-0.940904664,4.128985512,4.628933201
31.51053451,1,-0.280943895,1.054566475,2.744000242,1.1349204,3.164422291
87.62781323,0,1.456689401,-5.177686957,1.975187123,-3.327861133,1.630920103
243.4157214,1,-5.722529921,-3.644547176,-5.098885711,7.007887544,7.04096392
13.69838513,0,2.007569662,-0.131317659,-3.347912043,4.956880416,-3.991935282
23.47363404,1,-2.743039684,-2.33788807,-1.417328399,7.564910098,1.691198048
12.98395639,0,-2.78465011,-2.673523375,0.683847211,-0.697435266,-0.894182287
28.82186816,1,-0.553393778,-0.008600464,0.934143211,5.528824949,2.36199475
32.81264477,0,1.645743099,-1.824925762,3.85041392,-4.449291177,-0.718948591
163.334113,0,-0.88882526,-0.60572367,-4.528516691,-0.760451377,1.134517246
46.19202939,1,-1.440733343,4.935809808,-0.968568972,1.188620963,-0.115880195
3.391000858,0,-1.383681735,-2.533185748,1.499042411,-1.991059087,0.268335832
184.0801546,0,-0.384393482,-6.006784685,-1.829668198,0.09092144,2.675557919
14.15600288,0,-6.11648567,-0.004197045,-2.482001531,1.526780437,0.118347416
296.2393843,0,-2.258288727,0.187157776,-7.43641527,-6.58750853,1.824840919
161.599437,1,1.040512949,2.706073243,4.204929019,7.992799276,-0.565344314
62.16100359,1,-1.457734165,4.097167476,0.875273583,3.905116698,1.977510414
11.61278858,1,7.712162388,1.887525756,0.094750495,4.226141605,0.707787457
32.60478923,0,-4.034530285,1.132083568,-2.165830592,2.883819174,-1.821298817
16.47749016,0,3.056833612,-3.603736943,0.543734198,-4.689347887,-3.883183909
151.9191072,0,-0.358909843,-4.271344687,-1.443708007,-4.457615125,0.690673615
12.6639055,1,-7.936494132,-2.21641992,1.340766662,0.790090074,3.85310269
250.8459307,0,-2.329432191,-3.90099904,-6.590312547,2.420543166,2.298974996
125.6009895,1,2.784738036,-3.54428606,4.987638477,2.831814512,-3.689281805
4.968588574,0,-2.891731807,0.943569769,-2.010015137,0.505416104,-1.169176594
151.8549369,1,-5.103428233,3.43311704,2.117714117,-0.860894113,-3.921203047
93.55743464,1,-0.595209527,1.484426683,1.715283859,4.163959811,-0.895835067
303.8557054,1,4.576249389,-2.155837147,-4.207880253,2.058851004,6.249655967
42.32444875,1,-0.790628622,1.388657396,2.62697355,-0.912283113,1.785228177
333.0577293,0,3.624995437,-4.626153105,-8.871968613,0.195047429,-0.527730616
38.56302947,1,-2.90823626,2.717644397,-1.194446076,6.05411209,1.514136385
133.0199403,1,1.134487509,4.309636151,7.585517079,3.244998067,5.240508058
23.49942104,1,-2.31762474,-0.802574695,2.737012833,-3.581545422,1.267935802
51.91271416,1,-1.33173587,3.72090352,-4.990141098,5.728641893,0.670900427
94.87240964,1,3.428684098,-1.484791795,2.677978132,3.626936595,-3.254973665
136.6004598,0,7.391879816,-5.295806099,0.209601722,-2.6432675,-0.364753061
110.729897,1,-1.101805984,3.652314053,1.816080666,2.718319239,-1.024445771
194.6936144,0,3.253306409,0.259193254,-5.662494866,3.621832978,2.072907912
59.86511779,0,-1.898771564,-6.766577222,-2.111266855,1.098473714,-3.097542469
112.8507519,1,-1.679506559,-2.105244755,3.647882536,0.113568762,-3.239339909
228.1349625,0,0.430693585,-1.246447022,-5.425053918,0.484386164,2.638764564
49.98575893,0,3.648744103,0.492447207,-3.261050977,2.719337324,-1.896965208
113.8442559,1,-7.174364213,5.94570069,3.308481365,2.350028795,4.085196297
142.4606615,1,-1.282186688,2.912053813,2.838510416,6.739043822,-0.464495025
10.7833137,1,-2.595069216,1.597067291,-1.513415009,2.49344964,1.184206323
251.467343,0,-5.272789251,-4.230695059,-3.932357428,-4.532581647,3.700156752
16.51159384,0,-3.352686667,2.075942233,-0.631084666,-0.130682666,0.263617254
32.06478762,0,-2.658347873,0.386901848,-2.423953824,2.111763307,0.295761182
44.54861054,1,3.221422646,1.749458658,3.679497459,-5.160979957,0.116278107
58.25170083,1,1.191622043,0.641444668,-3.473379734,4.37439001,-0.36547565
193.5226209,1,2.988044719,4.279612228,5.631221199,3.049912186,-2.6111865
495.0301765,0,-2.209060682,-6.117622818,-9.272857475,-5.993629103,5.036011435
76.73909274,1,-3.993536591,-0.806920025,-0.809437012,7.128320585,-2.066961963
129.2100436,1,-0.069113288,0.310481671,2.547213017,3.045383912,-3.597668275
37.3587876,1,0.536222046,-0.140168207,4.557405279,6.050255651,6.433053638
50.96421551,1,-0.841906524,3.52157516,0.263496569,0.221210157,-0.221492332
26.16977649,0,-0.550399421,1.126391431,-5.738093947,6.227347898,-2.982203519
20.42915963,1,-0.08355416,-0.277423993,-0.694711975,3.553676279,-0.637468648
95.74606142,1,2.232415819,4.610816354,0.601424958,6.797046699,-0.332120819
74.87048238,0,1.537983562,-5.338164029,-3.406961984,-1.171265181,-5.509989997
155.5791011,0,0.057906369,-2.024561711,-3.68686921,-4.828648956,-1.207657918
7.909613684,0,-0.811226056,-0.393078953,-1.330973845,-0.59886212,-1.761418174
100.2725542,1,5.322511173,2.141946555,3.329156414,2.749463743,-1.482130705
94.16586668,0,-6.463458296,0.486297172,-0.730633075,1.618682475,-4.302945018
110.7987392,1,-1.565576222,-2.88092408,3.277215068,4.727168215,-2.108914877
99.87971935,1,2.331641801,2.829896062,5.131926274,-2.700746805,0.153894664
6.100073685,0,-4.790764882,-2.58425877,0.173804299,-2.277805179,-1.056673004
161.8578794,1,-1.594813878,0.81353459,4.897111345,6.014840111,-0.710569974
160.9138597,1,0.069003325,-0.552615626,7.620435272,0.875080799,-0.476449966
141.6448727,1,-1.701614281,-0.358327585,-6.466196404,8.771440165,1.749189157
30.75950472,1,0.773607543,-1.055306469,1.749882124,-0.387196798,2.469400556
22.09522609,1,3.073792321,1.433030941,3.80085887,3.44960785,5.453193317
205.157798,1,-5.085098181,7.203800275,3.817946214,0.745713154,-2.258995585
67.37734278,0,-2.657022224,2.999464843,-3.334571833,0.391420972,-6.194065457
10.34548135,0,-1.502826732,0.105818358,-0.434549031,-0.759275294,0.140644002
63.71153552,1,-2.183982899,1.15105897,1.927918329,4.81273983,2.009388442
8.344217912,0,1.107468071,0.146060269,0.575197606,-2.628856133,-0.327478964
111.3976462,1,-1.876162338,5.253071629,1.989589804,9.210933284,3.274119812
107.806706,0,4.07066228,2.177909901,-5.534979522,3.207594958,-1.097399555
154.1567738,0,0.515873085,-4.004150584,-3.903916131,1.980897731,0.094037735
110.4467643,1,-3.534585158,7.924214051,0.341719853,0.355537781,-0.612404369
2.503805934,0,-1.646521326,4.62250903,-3.747364287,1.036379093,-1.362100058
102.2831786,1,2.340542795,2.961783631,3.332598822,4.983500772,0.893591845
165.1174261,0,1.078595361,-0.981491032,-6.221434961,0.571741012,-1.479718193
52.66779678,1,4.402494793,1.634928137,1.567808377,5.192671168,6.094313451
16.86177688,0,-4.145390242,2.059470024,-4.932746867,6.603950148,-2.272347752
22.1221635,0,0.350802364,0.255634352,-2.075831079,4.474027001,-2.398730406
266.202105,0,6.782071298,0.942703269,-8.211394064,1.609391717,0.17430076
43.11261655,1,1.266763423,2.621057858,1.151338344,2.292363119,1.134305863
15.18549313,0,-3.375617061,-2.875174933,-0.720384387,-3.400109951,-4.131030832
110.0461147,1,5.68212256,6.713147115,1.600231911,2.08636429,-2.004956101
10.44330245,0,-0.46386988,0.541613327,-1.623756008,0.785922688,-0.923503118
291.0806649,1,-2.33521281,5.762675381,6.844074558,11.51516716,-1.353580259
37.40555643,0,3.38680483,-1.396603773,-1.896241703,2.687173117,-1.672786034
126.1152461,0,3.804145777,-0.669521711,-3.023918411,-0.913690986,-0.395036987
54.25697671,1,3.420956396,-1.423481921,4.496910824,3.817354685,2.298326764
239.808492,0,-3.475544115,-1.102493888,-3.978318533,-1.196251049,5.780496257
4.542852432,0,-1.712619914,2.065152055,-1.963989541,-0.280983034,-0.660943748
182.9775875,0,2.475497459,-2.846526357,-5.095691777,-0.063434482,-0.980505788
35.73344506,1,0.438589322,1.688327665,1.9420966,2.425194238,2.486823226
20.61727334,1,-4.078712195,2.099277141,1.919693075,2.469115025,7.153970163
122.1462069,1,3.772209818,2.592300272,5.026414856,4.75900718,1.130753974
109.2888515,1,3.143358136,-1.220285147,1.163284745,0.0608271,4.670193438
116.8852287,1,2.945347682,3.797813208,4.844531509,1.916545013,0.864468804
252.7703076,0,2.326955425,0.192418886,-5.125335092,-2.526807734,3.076429818
15.93873157,1,-5.111350234,1.154522038,-0.430514647,1.295919336,1.825662165
122.1233956,0,-5.509569866,-6.301718028,-3.794457588,-1.405574968,-1.995508778
114.852594,1,-0.385543272,3.024949538,4.002807229,3.068188843,1.142782412
125.418141,0,-5.018609259,-1.692954544,-5.271141793,0.601303034,-0.383372861
32.80062039,1,2.525327912,6.316657644,1.210231575,-2.929658144,1.571947425
12.86711296,1,3.099705216,8.281244184,-0.167234966,0.460038204,3.433862542
102.4586551,0,0.390950622,-0.398569335,-0.958311235,-2.300066058,2.014616313
194.6854325,1,0.323814432,-1.008827622,3.460394128,10.42832906,-4.827073623
33.6173031,1,6.212666557,2.982700498,2.09333232,0.992518698,1.022246173
125.425379,1,0.375245191,4.563253182,-5.637888422,3.585282244,2.205468109
77.89629668,0,0.115139093,-1.059924181,-5.948573765,5.126650957,-2.918731102
293.4173344,1,-8.172992554,5.088097042,6.235507349,4.65072773,-3.671188618
129.0195691,0,0.160153066,-2.985458695,-3.604452138,-0.376709254,-1.015110309
38.46335733,1,-4.519042096,1.126465583,0.53644571,6.942693902,3.704890736
8.911739749,0,-2.83452996,2.469685351,-1.411228501,-0.093228901,0.008511103
56.63642065,0,-3.287754948,0.626816748,-1.528843746,3.336080984,-3.003755214
29.6208206,1,-1.606134476,-0.812231265,1.618012587,6.18112387,3.307610089
45.13863457,1,-1.404183404,-0.045541015,-0.784449401,3.372229903,2.756065591
132.2235975,1,5.131695361,-2.79236073,5.484211647,3.807083463,-3.27507928
95.95130877,0,2.656333664,-4.677999853,-3.042843493,1.250917751,-3.016887911
24.55281548,0,-6.477410258,-0.246584961,-2.935366646,-2.579041733,-1.851595216
7.358092841,1,0.763826341,2.411718949,-0.52559254,4.163199351,2.374825765
133.9926271,0,0.788539139,1.721405705,2.279348963,-3.627742588,-7.049202437
109.3037399,1,-0.158505097,2.119603501,0.803194134,-3.079065274,6.08032872
109.6370408,1,1.743144284,6.927386113,3.349454516,3.574426345,2.463617959
275.4694293,1,-7.613765023,3.903698891,1.765992497,8.13281706,-7.873606442
45.51049322,0,-1.453586111,-1.721168154,0.502569112,1.373641398,-2.512198546
17.59225725,1,-0.248608185,-0.065173789,1.016106379,-0.155561073,0.410713379
121.2070169,1,4.93466949,7.31637469,6.994469639,1.725762252,5.033642703
58.29077317,0,5.129916019,-1.90861319,0.223189713,-2.283879262,-0.914003714
237.9588259,0,1.064354442,-1.088332556,-8.892765916,2.798774207,-0.811222185
61.5496302,1,-3.320665138,1.795665561,4.786602343,-1.463443381,4.176714339
97.93891443,1,-2.778351503,3.248967351,-4.557735395,4.673125227,3.18685437
63.54690017,0,-0.75435866,-3.885544754,-1.495470543,-1.677350097,-9.359792822
79.04672743,1,4.616330069,-0.087895066,4.385924687,-1.523674399,-1.497036933
54.31926328,0,-6.670104916,4.53622837,-3.501700626,3.118732442,-2.084016149
24.69761233,1,1.078873806,1.840412569,3.478552698,1.739953654,4.979757427
133.3781209,1,-0.729792292,1.361132348,4.863745488,5.166803948,0.986495924
63.31301003,1,4.887489276,7.772703362,-3.667000386,2.920893757,2.079363335
74.3109109,1,1.840172821,2.284076788,-2.213346998,1.521694975,1.651443227
64.8097717,0,0.036069108,-5.13524352,1.414966418,-3.398955291,0.249956548
23.61712561,0,-2.723188987,-5.187835404,3.489321628,-4.850683423,-1.330947931
36.46818072,0,-6.680829022,-3.116563497,-3.739855673,0.443942438,-2.753753927
101.581778,0,-2.617917069,-3.912811113,0.179409641,-3.163603507,2.104991548
153.4227552,1,-1.116222796,-4.541911253,0.145596637,10.09831833,-8.144876135
113.6708547,1,-1.229767204,5.534651173,-2.840600925,7.739536781,-4.211272767
173.4710248,1,4.329556513,-3.29927729,-2.07061637,3.631905744,2.971177487
35.23598751,1,5.180654296,6.64349107,1.302811891,5.198915044,4.277612956
30.24857326,1,2.890314115,-4.763602491,4.223796465,1.741815085,3.64116199
221.6218503,0,-2.560388746,-6.615824108,-9.444295601,4.35625985,-3.759923733
28.8878141,1,-2.707749774,-2.946095362,3.515502233,0.774689161,2.706030168
29.87840609,0,-0.369677014,-1.914324896,-0.85640449,-0.809606028,-4.706490407
55.40394556,0,1.481319661,0.646863222,2.074143776,-2.596869084,-2.359861408
6.906513222,1,1.139430013,4.693824865,-3.559530648,3.680021017,-0.618996106
247.4324437,0,-2.253045794,-5.639530641,-9.267220104,2.416171858,-2.635682422
52.94646505,1,-1.76610622,1.744965354,-0.159466114,1.543062693,-0.995816262
61.67074504,1,3.130607112,2.492274942,-1.138313875,2.936221115,2.797355941
187.7334017,1,-6.068119912,-1.140364738,10.74610042,-2.356856044,2.111952816
26.85315595,1,-2.975671033,1.382994768,-1.174767152,9.242619242,2.78780859
245.7700897,0,0.543122018,-3.163033882,-7.043982421,1.815388794,0.634363564
112.3120898,0,5.034012351,2.505271627,-6.577050317,-0.361704033,-3.954419511
109.5270832,1,-3.562338699,2.921756213,-3.415184164,2.136302306,4.318995012
22.25484611,1,-2.338296167,4.027430247,-3.198443946,3.661255499,-0.522493959
75.83047495,0,-0.233946599,-1.864145194,-1.570007629,-1.593806263,-0.390578353
91.56218475,1,4.718027274,0.150802161,2.650060941,4.79308519,-1.832526368
33.95449674,1,-3.692612162,-3.370378191,0.793271312,9.318827128,2.38221481
52.55006164,0,-3.525923851,2.553813139,-1.32880552,0.099955496,-2.65460438
82.3035735,1,-1.139597562,5.443507267,2.278743342,-1.512926243,0.901517491
81.54054093,0,-10.54823534,3.893214108,-5.12182591,2.191061125,-5.572240044
47.22037694,1,2.586274955,-0.449905856,6.196538915,-2.834065059,3.067013582
225.8057482,0,0.861404514,2.474575401,-6.194462868,-5.146859125,1.11205677
60.91744957,0,-6.179550795,1.988708314,-0.927225533,0.595756645,-1.873116149
173.0769176,1,-3.819574742,6.084418055,2.056579093,9.555366607,0.350434911
110.0103549,1,-3.558094719,5.8379525,1.045169402,4.655926498,1.110794413
172.9679472,0,2.224439088,-2.266489256,-6.554253593,-0.402358576,-3.198767406
66.05552757,0,-5.114752548,-5.359375903,-1.307885984,3.501342719,1.2057375
81.19602066,1,1.185783914,5.445122368,-3.501487892,2.542825632,2.863965464
163.2571995,1,-1.882658471,4.479056434,4.119766022,4.187032645,-0.285334246
23.1346154,0,0.91865517,-0.272296734,-0.321087124,-2.825320109,-3.951780431
23.08164939,1,-1.003206971,-1.817501519,-2.413270689,9.365630465,-1.203787373
81.80955061,0,-3.092622514,-5.590417892,-1.07522595,-2.484580638,-1.061749902
63.98827323,0,-4.391767782,-3.906541336,-0.409374874,-3.853390144,-0.146978182
328.0567652,1,-3.718517387,5.988339727,6.772434416,5.626277375,-6.039617099
111.392952,1,-0.811101758,-0.367429696,2.35673972,6.076571647,-1.460416297
32.20428095,1,5.25603172,-0.394744281,3.577349598,2.45562821,5.095933648
95.90779758,0,3.047985439,4.762258679,-4.484582664,-4.360869321,-1.661584119
114.3005255,1,-1.755142232,2.684015137,1.45114505,6.614171202,-0.425423017
84.04639957,1,-4.113078666,5.362822848,1.510518981,7.402331416,4.548058485
28.90457335,0,-1.244076219,-7.591082482,1.712265061,-2.522776047,-5.023114153
27.01540774,0,-3.364549286,-0.089947407,1.794790128,-3.996504833,-0.04653434
16.50121468,0,6.518668514,-0.063451618,1.148941866,-4.68390353,-3.908997684
37.71841854,1,-2.533728396,-1.026592463,-0.869029217,7.22235657,-0.079274098
8.566801108,0,2.622641199,0.256597811,-2.956705455,2.962742258,-3.066843835
8.144253979,0,-3.317291376,1.430218537,-2.778490544,-0.064716024,-1.396723286
188.7726236,1,-3.39519819,4.582353904,7.021526774,2.019166307,1.564425577
45.27630976,1,-4.833752558,-0.739965566,2.22592731,2.126465343,2.436460767
38.79655395,0,-3.131777179,-6.759601569,-0.962627391,8.608615402,-3.328721354
0.349293571,0,-4.531156817,-4.187466765,0.29580338,-2.701153466,-1.896252656
222.1098769,0,-2.432404293,1.422706955,-5.6418728,-1.481931522,3.897728719
21.05588311,0,-3.979620526,-0.418647452,-2.389772314,-1.093966531,-4.149284134
8.288202583,1,1.283635206,-5.066096014,3.553219947,1.301365412,1.564987533
78.87137373,1,-3.454107334,1.129277808,2.957481405,5.173946694,2.913594493
88.74209931,1,1.718227682,-0.858675163,5.451711322,-3.55759029,8.681328722
17.1245216,1,1.882846465,2.511682176,0.857201038,5.284525103,5.031037837
137.1251674,0,2.11323131,1.087594747,-3.811098586,-3.585310434,-0.389679349
273.0308545,0,-2.929806753,-4.466028013,-6.348676074,-0.083312665,2.293689781
11.19341244,1,-2.102812563,-1.205470328,-0.32295386,3.224394592,0.551558615
73.51245442,1,1.762108138,-0.727010825,0.726851792,4.093467902,4.832452314
178.2240835,0,-0.233555813,-5.429822913,-3.257429953,0.590262043,0.811380285
129.6522267,0,2.351343478,3.211985611,-5.164301833,-0.347955526,0.05287927
14.39635389,1,4.631218697,-1.452890679,-0.186124892,3.260700913,-0.954500715
101.5542409,0,-2.597238241,-1.162582962,-0.00947607,-4.565486645,2.907696365
50.02640901,1,2.408211373,-2.013473122,3.402352401,3.883503548,1.174409001
11.53299085,0,1.155359173,-0.151679777,0.90873592,-5.546271684,-1.170596576
143.1244084,1,4.733666145,-3.276503381,-1.9920412,6.399302425,2.827660796
150.4672939,0,5.128235341,0.111859345,-6.532853115,1.551226779,-2.88497043
143.9212766,0,3.014108791,-3.578382801,-0.548241883,-2.667058313,1.525618451
30.27368041,1,1.207910648,4.927508157,-1.449410784,4.823799718,1.001075521
118.0748602,0,3.16559699,-3.700068357,-2.383675143,1.905182137,-0.270345087
29.4969517,0,1.646101481,2.917604563,-2.964255444,2.266656259,-3.932197282
27.22574444,0,-0.052733808,-3.57472617,-2.46418101,2.757817949,-2.998393764
51.22881558,1,-2.459474229,-0.597759946,2.635282373,2.459766913,7.278928972
119.9077539,1,-0.275515607,0.484072034,6.897082952,-2.338080346,0.65835807
15.6335187,0,0.237976839,-1.303244723,1.777812348,-5.7107067,-1.965693749
9.702527578,0,8.88372545,-1.329139412,0.873307662,-1.291096248,-2.857563664
158.4063852,0,-3.142979575,-1.223098303,-6.1114462,1.694040183,0.231642549
38.14629324,1,-0.133390261,-0.394641408,0.977326696,2.362782188,-0.068736365
7.674903339,1,-3.301284245,3.331754017,-3.811849084,7.118420276,1.289452984
10.69634819,1,2.845794876,-4.800173132,2.358401849,2.658010208,0.019977338
123.3155683,1,-2.019038532,3.070340221,-1.109269736,8.72285999,-3.467055393
130.1248961,1,0.750353745,5.953588034,0.359096379,10.9232212,-0.058401474
73.66837435,1,-7.424733389,-4.724524153,5.730653113,-2.556715312,1.63322374
34.10087474,1,-5.758153438,0.365250187,2.551656493,5.242524816,6.145437126
113.8907085,1,-0.639140851,6.90689882,1.145900847,5.542564981,0.882695715
9.769494652,0,-0.870230336,-3.526095517,-1.379504537,0.698486833,-3.044748472
14.83720901,1,-6.536528111,5.712435043,-2.264278055,-0.333414093,2.018763683
78.17878217,1,0.62495494,-0.214442836,1.42119768,4.502929299,-1.501229008
176.9217181,0,-4.621814925,3.380260469,-6.347762375,2.604861161,4.47549174
50.19676188,1,2.792721729,1.85109604,1.900668551,0.268384879,-0.202198298
30.13319048,0,-5.70730051,0.991709405,-2.919538608,0.081377627,-3.493897842
58.61620697,0,-3.665779034,1.043582897,2.375314101,-3.290428738,-0.431932223
171.9471182,1,1.498464543,3.326718204,1.626559391,8.879396297,-4.025066806
82.52459098,0,-1.184733991,0.271022009,0.410971683,1.137888746,-4.136401471
32.38687173,0,5.080842718,1.703213033,-5.815830852,-0.01727704,-7.060224293
45.10857203,0,-1.134769967,-0.981729016,-0.437608358,0.58734384,-3.836223521
277.7519468,1,-4.08352318,8.250774076,5.511596046,8.115596106,-1.522822035
73.87010948,1,0.451724463,1.809107565,-2.0206646,1.164066267,1.878236309
252.037361,0,-5.489286581,-4.446577613,-6.969647817,-1.348835117,0.893836528
172.7203667,0,-2.146572117,0.964937516,-3.242942736,-3.238553508,3.693369403
23.0315631,1,-3.54429442,0.543436633,3.711516669,6.291354574,8.126255462
25.4799905,1,2.162397216,4.991080372,0.062074283,4.624965658,2.934814263
72.03667231,0,2.679444201,-4.34255645,-2.466633923,2.997521599,-2.247989893
158.4564279,1,-3.581531582,-1.333192514,3.22632756,4.726585092,-3.851591124
163.1473189,0,-2.712237128,1.256676981,-5.848253817,-1.519182004,0.743776341
24.27001434,0,-2.562573224,-2.212920114,-1.871122808,4.423322793,-2.724559393
344.3690885,0,1.188154525,-1.501120427,-8.284841408,3.327121416,5.104670105
175.7147146,0,-1.577679036,1.375503834,-7.734919332,3.374789892,0.603622153
180.5865351,0,1.319055124,-0.76976698,-5.02322987,2.142136177,1.670308042
109.0950578,1,2.910336032,6.556751763,-3.270792559,1.965283069,4.312883587
220.9648162,0,-4.064680923,-6.049061485,-8.611180574,0.125993953,-3.651702522
44.46603481,1,0.902639153,-0.704224772,1.536703833,7.734047807,1.981493679
90.42976381,1,-3.620217953,-2.761747709,6.042701887,0.813963738,2.114313554
35.1249141,1,3.688969547,4.099361628,0.049362471,0.054041526,-0.745905603
24.34013397,0,1.30439147,-2.711487937,-2.209366336,-2.580712511,-8.166023232
220.6927612,0,4.045448536,-4.037708319,-2.522628759,-2.550956163,1.869324352
46.32371952,0,0.587267553,-1.779582971,-5.228473872,9.165887793,-2.139705446
27.894912,0,0.86914594,-0.017106871,0.192066334,0.398534522,-1.677095089
256.2608514,0,-1.610396256,-4.346618673,-7.419421902,2.018525341,0.669038532
107.441721,0,-9.303694987,-3.047002683,-6.955822533,-0.516003753,-3.277724801
361.5964114,1,0.322660512,-0.442733299,-3.957311411,-2.740133898,9.839628514
33.35760973,1,-2.813389544,1.735081484,1.479514263,4.342565135,3.95180668
43.43061427,1,1.383544869,2.73044783,1.626510372,2.538613802,1.77605033
73.67110877,0,-11.82973246,-0.191875702,-6.697626198,-1.124308485,-2.015144518
61.03629881,1,1.439282679,4.714649024,4.945987829,3.205019127,6.781665486
368.1115723,0,-4.777934424,-8.316161183,-9.2645443,-3.10329078,-0.190483028
123.02941,1,-5.567222775,2.276414132,1.570539477,2.961366987,-1.428125051
13.33522963,0,2.0733385,0.237561835,-4.490918324,7.104847276,-4.453530133
46.07777323,0,-1.937948822,3.55023777,-4.287766064,0.746449773,-0.484552427
39.79904786,0,-3.620466448,-0.914717755,-1.559686042,0.650723615,-4.032887433
167.7386557,0,0.33435544,-0.563195507,-5.295453983,2.009671969,1.049977926
162.1334174,1,2.785947136,8.073511721,4.284178509,2.806959832,0.153395959
117.8589329,0,0.726267562,1.243235994,-4.917428877,0.654699754,-0.400634422
120.9635442,0,1.455102521,-3.348928015,-2.359531089,1.594367415,0.59771099
42.20042424,0,-7.960169809,0.022654882,-5.392205142,5.550560092,-5.029435827
116.4097533,1,2.304145195,0.693652583,-4.363611486,6.932473621,2.02201829
71.17646155,1,1.321016508,1.810972148,0.101851331,12.08653654,1.360552209
138.2905429,1,7.085679572,0.539611768,0.437289052,-2.019165848,3.764681241
99.21262425,1,-0.289998999,1.557594631,5.981489122,1.102431769,3.000186934
107.5060927,1,-0.341234883,4.288297531,1.874124385,-2.630151469,9.012236798
159.2037462,1,-0.938187269,4.760197392,4.484877313,1.429766243,-0.788057805
46.77344656,1,-0.846042143,2.246584014,1.180757085,-0.726940794,4.873494282
155.5063973,0,-0.110334006,2.106347883,-4.349520001,1.961456994,3.640637469
7.635411842,0,-1.951637247,-1.50231794,-0.31035079,-0.87914292,-0.768386722
23.00865898,0,-0.443962605,0.002866363,-1.788147304,-2.281560112,-2.229911785
75.32208822,1,-0.924218042,-0.608038444,-1.819049191,9.064118824,-3.525444824
97.15684785,1,8.738137415,-2.857994798,-0.137809453,1.84460098,0.022090033
147.0519801,0,2.034277944,-2.836451173,-3.851994083,2.398242821,0.242872943
12.16829909,0,-4.508569505,-0.146184315,-3.100083853,-1.41549586,-4.113767775
8.68822274,0,-1.8145508,2.734593491,-3.706658823,2.535448365,-1.136325499
190.7276607,1,4.312061535,0.488896654,-2.246315675,6.634939721,7.287089812
8.315947075,1,-2.851572178,1.502887547,1.50639273,-2.228058129,2.917163335
48.85656628,0,1.900460673,-3.477387593,-0.36856725,5.973375066,-4.324324547
180.3091433,0,2.011438814,-3.088334515,-5.384291515,-3.192407052,-2.899680654
14.58858603,0,2.208749878,1.458414512,-1.83001429,-0.22976577,-3.391460013
77.99340177,1,0.518712549,-1.844545856,5.166567298,2.60831038,1.633075518
38.80192881,1,1.225145136,2.087807799,-0.383015052,2.275462894,-0.976250115
119.8285553,1,-2.015601779,-0.292111402,1.970872414,5.208015843,-2.467397661
69.29148739,1,-3.452965737,2.346756029,3.134509645,-2.51492112,1.394006474
75.47957506,1,0.109396052,0.197804463,2.966425877,-0.944873782,-1.163227736
1.783182825,0,2.502656471,-1.594791712,1.014920646,-3.377976422,-1.868166531
152.8693184,1,-3.749853285,-6.493728576,5.019465436,5.117831797,-4.029987029
122.5742294,1,-3.955409043,1.669617658,-4.687335402,4.377827645,3.393592659
91.20209181,1,6.00320272,-2.89222602,-2.109572226,7.305432901,0.458007165
66.2853359,0,1.657293562,-3.123438352,0.10879167,2.105038396,-6.132377957
41.07195938,0,-5.334877518,1.642924749,-6.910229084,6.637838036,-1.687889995
13.93270862,1,1.870804036,-2.481149673,3.946485489,-1.532172827,1.980865364
21.89566989,0,-5.514397403,-3.077498259,0.888822728,-0.714356484,-0.61755462
137.8171827,0,-6.189969629,-3.232800314,-3.011153053,-2.866059309,1.214016444
199.6541519,1,2.778514179,-0.299398589,-1.630456636,3.353844304,7.16540665
38.16224305,0,-9.861817527,-4.022212308,-1.010277581,-1.09134217,0.877125466
76.87859814,1,0.546073207,1.383970645,-3.4262804,5.741520853,1.87677326
87.88387882,1,-2.850066697,1.058307835,-0.828153031,-1.310501717,3.81575112
178.6339731,1,-3.540537778,1.572150264,6.713390718,-2.460595039,-1.786932285
94.33429522,1,-1.917057995,-1.359232228,1.037986541,5.267749352,-2.693241961
268.7511552,0,0.887935796,-7.303646019,-4.604199613,0.211167257,1.52229994
84.36589311,1,2.805653563,-0.685723392,2.180985019,4.27081143,-2.156820283
31.3528291,0,-2.517855015,-4.108701266,-0.072556397,2.8421868,-2.661469936
166.8964486,0,0.420056979,2.679768183,-5.174922749,0.546558439,2.539947539
65.36972894,1,0.660943599,1.463885114,0.900785348,4.723670427,-0.127845684
111.4675799,0,-5.941399259,0.165056078,-3.099699414,-2.858645093,2.058580309
156.9644578,1,6.595872178,5.492972621,7.413633862,1.924071799,1.374082623
117.2379542,1,0.255147648,1.69340718,-4.031426631,3.771446054,2.366421393
33.34602513,1,4.018465126,-2.295491554,0.704772297,8.374886039,3.146178341
65.76766887,0,-1.306734145,-1.480672909,-1.934284653,2.280465479,1.00603068
113.658832,0,-1.941392654,1.676230745,-5.239292819,1.570088017,0.592637529
68.35960586,1,-0.848800454,3.057961708,-0.145136569,2.819256022,6.167115487
74.87746003,0,-0.007422057,-1.102319596,-3.086797676,0.440778118,-1.099855937
104.7320115,1,4.360611385,-0.947506692,5.239921132,-0.748696891,9.28289489
113.4846213,0,2.596373806,-3.080983809,-0.778876928,-1.197901932,0.959523981
53.27114875,0,-1.037896366,1.798498355,-3.985291461,1.284860376,-0.819830079
97.42741954,0,3.329123676,2.69731332,0.955977612,-3.661114077,-6.621659498
5.482991505,1,3.473772686,4.495449959,-2.046166698,2.841834158,-0.118256992
88.10557939,0,-0.329735759,4.765362683,-1.414156844,0.170406452,-5.061040668
46.53414238,1,-3.755111312,-0.470607339,3.857453317,1.782700793,4.229516951
45.06448489,1,5.577444046,-0.154924958,0.986507127,7.157120068,-0.328832005
16.4858408,1,1.614460527,-1.367312401,2.242696357,-1.101670635,1.646072736
38.48853569,0,0.275240258,-2.142815998,-4.283610271,-0.485575028,-10.22613296
120.8824615,1,1.845223644,2.88827787,6.005393076,-1.366398169,0.653362217
36.76916052,1,-1.221394531,-4.758777846,3.287824284,2.733126908,4.567711417
31.99788716,0,-1.362071642,-3.416089647,-0.12254821,1.970962989,-3.196653092
64.20486745,1,1.318388997,-4.398745354,1.043948629,2.435212753,2.010834629
67.61597136,0,-2.232015964,-2.176273863,-1.148237649,-2.901934866,-8.325460794
105.6644045,0,-6.205363653,2.963843075,0.057720195,-1.133044148,-3.801960749
41.81594828,0,-6.945038095,-2.096092276,0.292653307,-5.973489198,-4.0037984
19.38817634,0,0.091775601,-0.403313719,-2.342340887,1.553856417,-1.876074074
60.42585114,1,-3.084896618,0.021677355,-2.742056944,8.553420545,3.641748746
25.36479007,0,0.934943962,-2.171492208,-2.045825297,2.208466579,-2.286726245
23.16781588,1,0.300704535,-1.468659949,-0.20123876,7.262742152,0.674417223
116.9063173,1,7.613782711,5.37937356,0.029323986,-2.376494779,4.909677684
40.53200969,1,-1.577283376,-2.902676676,1.018572068,4.702120304,-0.200845914
112.4269995,0,2.006069064,-0.338324936,-2.655600392,-2.976297068,-0.585361292
38.52973505,1,-0.523666256,-1.937861944,2.44650255,-1.662564358,3.050094172
107.0834275,0,-4.964239868,-4.02682869,-2.884479665,2.439231123,1.388463122
54.17139752,0,-3.056573919,-2.977160807,0.589719828,0.794760241,-3.520000676
79.66183262,0,0.406418511,5.534166731,-3.694666502,2.5162046,-6.276692532
107.5723635,1,5.958577731,8.367144143,2.242552909,4.601796301,0.847393802
42.83114285,1,2.555279651,-8.163263947,5.105521254,0.156909628,-1.679860453
84.85533961,0,-2.760342908,-7.671783456,-3.241187412,-0.438280737,-4.513532415
77.84828277,0,-1.647147651,-1.613351096,-3.634387201,4.497793158,0.225292372
32.60126304,1,-4.516945349,7.960194845,-5.275248679,5.752851945,3.217029117
50.4372449,1,-1.012345668,-0.132592908,-1.975063687,6.102019298,-2.881611803
20.17446817,1,-4.037353971,2.740467759,-0.425975084,4.582380304,3.543953448
11.30001685,1,-0.839906407,1.871976988,1.249703122,-1.26973117,2.170906125
60.91120856,0,-1.768685638,-2.902166495,-2.403668868,1.877168508,-0.804555335
103.7904775,0,3.759571784,-1.0068188,-4.415807894,-0.627883195,-3.320150911
187.7021901,0,-0.449569482,1.816385559,-4.597303918,-0.588472076,3.493146932
35.72599215,1,4.993018342,0.721024857,1.254342798,3.486479052,-0.197034562
30.7936501,0,-0.420434578,1.886380348,-1.587559483,-3.453432368,-0.907834647
53.16285035,0,1.633185693,-5.046846525,0.308833607,-2.477082096,-1.899540012
248.5492146,0,-4.149365716,-3.4581608,-4.293902756,-6.220142329,2.439313909
107.4084903,1,-2.058562972,-0.113869126,-1.345768033,3.269940088,5.091209116
48.56333442,0,2.386682274,-2.08859107,-3.85349232,2.879436169,-3.784293446
289.4702682,0,1.853055584,-5.509704842,-4.351688401,-1.211576902,3.031169401
32.4829894,1,0.657988622,1.004545558,-1.007970593,1.034691912,0.731691205
48.09767695,1,-2.843635323,2.099925983,5.320420445,-6.600069285,3.62830287
12.40214131,0,1.139779591,-4.148022963,-1.069611911,4.205912942,-2.032213883
7.982944165,1,2.868884955,-3.153107332,3.220729351,0.792807124,1.911925598
2.558464033,0,-0.246361103,-0.486109869,-1.084711269,1.808788684,-1.160157757
183.7278528,0,-4.290870023,-4.703285983,-6.58396577,4.27328514,0.157581281
152.7588298,0,-0.570044451,-1.268563506,-4.957398592,2.223615147,0.839014343
74.18689061,1,-3.401815643,1.643451449,-3.66371365,4.645981584,2.47997687
12.80665967,1,3.197002776,2.894495315,-4.146718239,12.21462819,0.75070851
45.64075657,1,0.71318684,0.805871061,1.256305603,3.830407798,0.807447391
26.46215026,1,-1.822192951,2.482299541,-1.123190559,0.850087944,-0.320527293
71.47782722,1,9.857680422,4.305981836,2.787840869,6.391757093,1.231624053
32.84238139,0,-7.170840314,-4.707306122,-2.684877002,-2.050969077,-3.351966542
65.66260827,1,1.635668872,2.715269184,1.626243357,2.767004101,7.391372879
322.9880439,1,-1.457965345,0.857736043,-4.31761504,4.460905883,11.95666275
44.80153044,0,1.160657098,-5.492354566,1.855923367,-3.836855625,-0.839460407
15.20320064,1,-0.451859144,6.381313217,-1.719953998,7.301513718,5.470284956
133.4678974,0,0.748970475,-0.24672238,-2.522084537,-2.384603537,1.30957491
53.3010078,1,-2.995517155,0.446474704,-3.609344893,5.330267045,1.057324924
73.09472199,0,1.705135993,0.799163239,-2.010955339,1.679095347,-7.25923194
105.3737268,0,-1.130796979,-0.061958676,1.651909851,-1.595491331,-5.530413233
14.66241798,1,-0.404265452,2.904147741,-1.314796099,4.130105125,2.46255468
16.61227935,1,2.52576216,-1.804976028,-1.249293274,6.426532338,-0.370730265
155.8786174,1,1.687697846,2.741553332,6.590588721,10.28087415,4.038390631
173.3003478,1,0.707088945,1.212102178,5.082250377,4.053388428,-2.556967182
40.87600828,0,-5.418857552,1.556697366,-5.439591339,5.088727617,-5.222789867
102.4376904,0,2.002374006,-0.243877591,-1.245046824,-2.171234395,1.265669685
6.406038424,0,-8.751416648,-0.432499064,-0.470385169,-5.91687709,-0.874682555
9.307852464,1,-1.304929772,-0.09706249,0.261905301,0.748899456,1.215614841
106.1179039,0,5.265560537,-4.240587217,-2.569418065,2.062794307,-2.103535099
215.4312349,1,-1.782252444,0.692138142,7.184529018,-0.762193091,-4.223495921
20.5780683,1,5.492020907,-2.217025774,0.954108746,3.040707093,0.071890384
23.0087906,0,2.448181685,-2.17398741,0.496754209,-1.979640831,-1.264249073
145.6468778,1,-0.587271258,-1.545872274,5.384081764,-1.053531572,-3.676261601
19.04252111,1,-7.986957323,0.439089805,1.814487374,0.163732426,4.74688137
86.83343863,1,1.173905795,2.135419833,1.08325497,3.898622487,-1.531296008
24.37173724,1,-6.922090004,1.512710687,-2.774400292,4.29950578,0.146599147
58.55666487,0,-4.153763492,-3.725314422,-1.777851039,1.994519211,0.343415531
96.69406444,0,-5.851027101,-1.364538661,-4.372588724,2.515848592,0.857273366
84.03556664,0,3.231279346,-0.153878242,-4.785178603,5.804357679,-1.231418318
38.15537914,1,-4.089490381,4.104701465,-0.114843193,2.303359247,2.648190688
31.01012075,1,-7.792926409,2.676624077,1.575518809,-3.115163059,3.511632437
208.053114,0,1.257474035,-6.251805184,-3.574825615,0.95731498,0.952146794
191.3696069,0,0.227738464,-2.369041853,-5.870770267,4.608604774,1.371515279
24.42246256,1,-0.84736968,1.158740192,0.088981445,2.067203967,0.71232528
32.61742518,1,-1.120850928,5.521986646,-3.17412128,3.08372164,2.061608573
15.56201126,1,4.35386716,-1.678194163,-0.339914578,4.273993367,-1.98773432
45.56908985,1,-5.468046898,4.309590632,1.753685246,4.698938449,6.270881251
89.16582776,1,-2.530898588,1.557738466,3.663414513,2.220543462,1.943396375
-0.356154149,0,-0.177911746,-7.084681704,0.85952932,1.114286702,-2.784046336
92.00689345,0,4.136507835,-1.69699069,-0.311770658,-4.875991169,-0.753768961
110.0504258,1,0.023620585,-0.898658772,-5.626068971,9.346340737,0.732125125
111.7099689,1,-5.445988698,2.483669519,1.601782608,0.198025055,-1.719635938
161.8171148,1,-6.489531162,2.052170366,5.109490953,-0.511520973,-0.685302872
37.63193423,1,2.142663583,1.114590184,-2.370691253,9.125079886,2.27579884
42.25895257,0,-0.424741685,-5.482953722,-1.021690757,4.140919717,-5.80389068
35.86123132,1,6.33805125,5.208814834,1.089164713,2.757337548,5.089533955
73.25549198,1,11.16495665,2.168099291,-0.57195105,2.231077356,0.815949217
189.2206949,0,3.637411002,-1.937343816,-6.108704133,-0.383101486,-1.942483749
91.88979365,1,-0.370945493,-1.663596683,2.482807252,5.065633099,-1.364989023
120.7147076,1,0.513074088,-0.733463371,4.019383509,1.945981976,-2.575912171
40.24900645,1,-2.130144076,3.606533919,1.69732973,5.279336911,5.138388331
65.02724762,1,5.638757696,2.422038979,-0.827163679,7.0660077,-2.731378142
25.74313367,0,-2.438251014,3.031048329,-2.801586673,0.451654342,-2.603381277
36.70996994,1,-3.542671516,0.472797863,-2.939779998,4.317954613,0.847464197
38.29950888,1,-0.796774125,-1.127207702,2.970596428,3.010481226,2.708645807
164.9361954,1,0.23748715,2.505673668,1.845213519,0.519420598,11.71229604
68.72981273,1,-1.248093499,1.573671235,1.775024423,5.072150945,1.638982256
217.8726101,0,-7.003079608,-3.848457081,-6.043444899,-2.112734554,1.11859305
65.51630959,1,2.880051005,0.11407903,3.858676132,-0.078048542,-0.006141129
88.06787896,0,1.783490825,0.625423178,0.194646244,-1.382107574,-6.716612138
66.5059448,0,0.73918246,0.7060665,0.169186052,-1.827040358,-5.092469074
96.47904458,1,-8.151591063,-0.347540591,3.054717699,-1.201312845,-0.072451088
58.84101393,0,-5.892371904,0.731387247,-5.942467576,4.633014769,-0.79619373
30.40030339,1,0.088252172,-0.766726645,2.258875361,5.023526428,5.955320297
63.36544973,1,-1.049793336,0.200522883,2.021664019,2.886370548,7.233768652
234.7836721,0,2.262411128,-4.438362664,-0.161587758,-3.11358573,5.91735464
161.1769417,1,-2.018176865,1.372875589,7.727882196,3.298370748,2.541351453
54.91353113,0,-5.497503581,4.323506797,-0.650711907,-2.097621262,-1.166004894